[
  {
    "name": "theme_info",
    "theme_name": "VoidBloom",
    "theme_version": "3.7.1",
    "theme_author": "CyberCore",
    "theme_documentation_url": "https://voidbloom.design/docs",
    "theme_support_url": "https://voidbloom.design/support"
  },
  {
    "name": "Colors",
    "settings": [
      {
        "type": "header",
        "content": "Theme Colors"
      },
      {
        "type": "color",
        "id": "color_primary",
        "label": "Primary Color",
        "default": "#00ffff"
      },
      {
        "type": "color",
        "id": "color_secondary",
        "label": "Secondary Color",
        "default": "#0088ff"
      },
      {
        "type": "color",
        "id": "color_accent",
        "label": "Accent Color",
        "default": "#80ffff"
      },
      {
        "type": "color",
        "id": "color_background",
        "label": "Background Color",
        "default": "#001a33"
      },
      {
        "type": "color",
        "id": "color_surface",
        "label": "Surface Color",
        "default": "#001a33"
      },
      {
        "type": "color",
        "id": "color_foreground",
        "label": "Foreground Color",
        "default": "#f0f8ff"
      }
    ]
  },
  {
    "name": "Typography",
    "settings": [
      {
        "type": "header",
        "content": "Headings"
      },
      {
        "type": "font_picker",
        "id": "heading_font",
        "label": "Heading Font",
        "default": "helvetica_n4"
      },
      {
        "type": "header",
        "content": "Body Text"
      },
      {
        "type": "font_picker",
        "id": "body_font",
        "label": "Body Font",
        "default": "helvetica_n4"
      }
    ]
  },
  {
    "name": "Quantum Effects",
    "settings": [
      {
        "type": "header",
        "content": "Visual Effects"
      },
      {
        "type": "checkbox",
        "id": "enable_quantum_effects",
        "label": "Enable Quantum Effects",
        "default": true
      },
      {
        "type": "range",
        "id": "quantum_intensity",
        "min": 0.1,
        "max": 1.0,
        "step": 0.1,
        "label": "Quantum Effect Intensity",
        "default": 0.7
      },
      {
        "type": "select",
        "id": "mutation_profile",
        "label": "Mutation Profile",
        "options": [
          {
            "value": "VoidBloom",
            "label": "VoidBloom (Default)"
          },
          {
            "value": "CyberLotus",
            "label": "Cyber Lotus"
          },
          {
            "value": "ObsidianBloom",
            "label": "Obsidian Bloom"
          }
        ],
        "default": "VoidBloom"
      }
    ]
  },
  {
    "name": "VoidBloom System Settings",
    "settings": [
      {
        "type": "text",
        "id": "archive_name",
        "label": "Memory Archive Name",
        "default": "VoidBloom Memorywear"
      },
      {
        "type": "color",
        "id": "primary_trauma_color",
        "label": "Primary Trauma Encoding Color",
        "default": "#580A87"
      },
      {
        "type": "select",
        "id": "default_memory_phase",
        "label": "Default Memory Phase",
        "options": [
          { "value": "cyber-lotus", "label": "Cyber Lotus" },
          { "value": "alien-flora", "label": "Alien Flora" },
          { "value": "rolling-virus", "label": "Rolling Virus" }
        ],
        "default": "cyber-lotus"
      },
      {
        "type": "range",
        "id": "trauma_intensity",
        "min": 0.1,
        "max": 1.0,
        "step": 0.1,
        "label": "Default Trauma Intensity",
        "default": 0.6
      },
      {
        "type": "checkbox",
        "id": "enable_trauma_encoding",
        "label": "Enable Trauma Encoding",
        "default": true
      },
      {
        "type": "select",
        "id": "default_trauma_type",
        "label": "Default Trauma Type",
        "options": [
          { "value": "abandonment", "label": "Abandonment" },
          { "value": "fragmentation", "label": "Fragmentation" },
          { "value": "recursion", "label": "Recursion" },
          { "value": "surveillance", "label": "Surveillance" },
          { "value": "displacement", "label": "Displacement" },
          { "value": "dissolution", "label": "Dissolution" }
        ],
        "default": "recursion"
      }
    ]
  },
  {
    "name": "Social Media",
    "settings": [
      {
        "type": "header",
        "content": "Social Accounts"
      },
      {
        "type": "text",
        "id": "social_twitter_link",
        "label": "Twitter",
        "info": "https://twitter.com/youraccount"
      },
      {
        "type": "text",
        "id": "social_instagram_link",
        "label": "Instagram",
        "info": "https://instagram.com/youraccount"
      }
    ]
  },
  {
    "name": "Cart",
    "settings": [
      {
        "type": "checkbox",
        "id": "cart_enable_ajax",
        "label": "Enable AJAX cart",
        "default": true
      },
      {
        "type": "checkbox",
        "id": "cart_enable_quantum_previews",
        "label": "Enable 3D previews in cart",
        "default": true
      }
    ]
  }
]
