{
  "current": {
    "color_primary": "#00ffff",
    "color_secondary": "#0088ff",
    "color_accent": "#80ffff",
    "color_background": "#001a33",
    "color_surface": "#001a33",
    "color_foreground": "#f0f8ff",
    "heading_font": "helvetica_n4",
    "body_font": "helvetica_n4",
    "enable_quantum_effects": true,
    "quantum_intensity": 0.7,
    "mutation_profile": "VoidBloom",
    "enable_trauma_encoding": true,
    "default_trauma_type": "recursion",
    "cart_enable_ajax": true,
    "cart_enable_quantum_previews": true,
    "store_name": "VoidBloom Memorywear",
    "primary_trauma_color": "#580A87",
    "default_memory_phase": "cyber-lotus",
    "sections": {
      "header": {
        "type": "header",
        "settings": {
          "logo_width": 140,
          "logo_enable_glow": true,
          "menu": "main-menu",
          "show_announcement": true,
          "announcement_text": "Explore our new memory encoding collection",
          "announcement_link": "/collections/all"
        }
      },
      "footer": {
        "type": "footer",
        "blocks": {
          "footer-0": {
            "type": "link_list",
            "settings": {
              "title": "Quick Links",
              "menu": "footer"
            }
          },
          "footer-1": {
            "type": "text",
            "settings": {
              "title": "VoidBloom Memory System",
              "text": "<p>Each VoidBloom product contains an encoding of traumatic memory that resonates with your own patterns, creating a bridge between conscious experience and latent knowledge.</p>"
            }
          },
          "footer-2": {
            "type": "newsletter",
            "settings": {
              "title": "Subscribe to our newsletter",
              "subtext": "<p>Receive updates on our latest memory encodings and exclusive trauma resonance insights.</p>"
            }
          }
        },
        "block_order": ["footer-0", "footer-1", "footer-2"],
        "settings": {
          "show_footer_logo": true,
          "footer_logo_width": 120,
          "show_payment_icons": true,
          "show_social_icons": true,
          "trauma_overlay_type": "adaptive",
          "copyright_text": "",
          "show_shopify_attribution": false
        }
      },
      "cart-template": {
        "type": "cart-template",
        "settings": {
          "show_note": true,
          "show_memory_resonance": true,
          "show_quantum_checkout": true,
          "quantum_checkout_text": "Quantum Checkout"
        }
      },
      "product-recommendations": {
        "type": "product-recommendations",
        "settings": {
          "title": "Memory Resonance",
          "products_to_show": 4,
          "default_trauma_encoding": "recursion"
        }
      },
      "product-template": {
        "type": "product-template",
        "settings": {
          "enable_trauma_coding": true,
          "enable_dimensional_depth": true,
          "loop_videos": true,
          "gallery_image_widths": [540, 720, 900, 1080, 1296, 1512, 1728, 1944, 2048],
          "show_vendor": true,
          "variant_style": "buttons",
          "show_dynamic_checkout": true,
          "show_trauma_indicator": true,
          "show_memory_tab": true,
          "default_trauma_encoding": "recursion",
          "default_memory_description": "This product carries a recursion encoding pattern, creating looping pathways through traumatic memory structures. It may resonate especially with those who experience repeated patterns in their cognitive and emotional responses.",
          "show_related_products": true,
          "related_products_title": "Related Memory Encodings"
        }
      }
    }
  }
}
